Metric,Validation Score
accuracy,0.8379533886909485
auc,0.9248839616775513
loss,0.3090879023075104
precision,0.40938800573349
recall,0.8677582144737244
